DinhDanh:ID(Time),Nhan,Mota,LinkTrichRut,ThoiGianTrichRut
Tue_Dec_25__20180,,Tue Dec 25  2018,http://cafebiz.vn/vietjet-tro-thanh-hang-hang-khong-lon-thu-2,Tue Dec 25  2018
Mon_Dec_24__20181,Tue Dec 25  2018,Mon Dec 24  2018,https://violympic.vn/bong-da-c48.html,Mon Dec 24  2018
Sun_Dec_23__20182,Mon Dec 24  2018,Sun Dec 23  2018,http://theory.stanford.edu/~amitp/GameProgramming/Heuristics.html,Sun Dec 23  2018
Sat_Dec_22__20183,Sun Dec 23  2018,Sat Dec 22  2018,https://violympic.vn/bong-da-c48.html,Sat Dec 22  2018
Fri_Dec_21__20184,Sat Dec 22  2018,Fri Dec 21  2018,https://techtalk.vn/category/dev,Fri Dec 21  2018
Thu_Dec_20__20185,Fri Dec 21  2018,Thu Dec 20  2018,https://violympic.vn/bong-da-c48.html,Thu Dec 20  2018
Wed_Dec_19__20186,Thu Dec 20  2018,Wed Dec 19  2018,https://www.youtube.com/,Wed Dec 19  2018
Tue_Dec_18__20187,Wed Dec 19  2018,Tue Dec 18  2018,https://www.24h.com.vn/bong-da-c48.html,Tue Dec 18  2018
Mon_Dec_17__20188,Tue Dec 18  2018,Mon Dec 17  2018,https://violympic.vn/bong-da-c48.html,Mon Dec 17  2018
Sun_Dec_16__20189,Mon Dec 17  2018,Sun Dec 16  2018,http://kenh14.vn/tv-show.chn,Sun Dec 16  2018
Sat_Dec_15__201810,Sun Dec 16  2018,Sat Dec 15  2018,https://www.youtube.com/,Sat Dec 15  2018
Fri_Dec_14__201811,Sat Dec 15  2018,Fri Dec 14  2018,https://www.24h.com.vn/bong-da-c48.html,Fri Dec 14  2018
Thu_Dec_13__201812,Fri Dec 14  2018,Thu Dec 13  2018,https://www.youtube.com/,Thu Dec 13  2018
Wed_Dec_12__201813,Thu Dec 13  2018,Wed Dec 12  2018,https://www.facebook.com/,Wed Dec 12  2018
Tue_Dec_11__201814,Wed Dec 12  2018,Tue Dec 11  2018,http://cafebiz.vn/vietjet-tro-thanh-hang-hang-khong-lon-thu-2,Tue Dec 11  2018
Mon_Dec_10__201815,Tue Dec 11  2018,Mon Dec 10  2018,https://search.maven.org/artifact/org.neo4j/neo4j-kernel/3.5.0/jar,Mon Dec 10  2018
Sun_Dec_09__201816,Mon Dec 10  2018,Sun Dec 09  2018,https://www.youtube.com/,Sun Dec 09  2018
Sat_Dec_08__201817,Sun Dec 09  2018,Sat Dec 08  2018,https://linkerpt.com/lap-trinh,Sat Dec 08  2018
Fri_Dec_07__201818,Sat Dec 08  2018,Fri Dec 07  2018,https://vietjack.com/java/su_dung_iterator_trong_java.jsp,Fri Dec 07  2018
Thu_Dec_06__201819,Fri Dec 07  2018,Thu Dec 06  2018,http://kenh14.vn/tv-show.chn,Thu Dec 06  2018
Wed_Dec_05__201820,Thu Dec 06  2018,Wed Dec 05  2018,http://cafebiz.vn/vietjet-tro-thanh-hang-hang-khong-lon-thu-2,Wed Dec 05  2018
Tue_Dec_04__201821,Wed Dec 05  2018,Tue Dec 04  2018,https://search.maven.org/artifact/org.neo4j/neo4j-kernel/3.5.0/jar,Tue Dec 04  2018
Mon_Dec_03__201822,Tue Dec 04  2018,Mon Dec 03  2018,https://vietjack.com/java/su_dung_iterator_trong_java.jsp,Mon Dec 03  2018
Sun_Dec_02__201823,Mon Dec 03  2018,Sun Dec 02  2018,https://www.youtube.com/,Sun Dec 02  2018
Sat_Dec_01__201824,Sun Dec 02  2018,Sat Dec 01  2018,https://search.maven.org/artifact/org.neo4j/neo4j-kernel/3.5.0/jar,Sat Dec 01  2018
Fri_Nov_30__201825,Sat Dec 01  2018,Fri Nov 30  2018,https://www.24h.com.vn/bong-da-c48.html,Fri Nov 30  2018
Thu_Nov_29__201826,Fri Nov 30  2018,Thu Nov 29  2018,http://theory.stanford.edu/~amitp/GameProgramming/Heuristics.html,Thu Nov 29  2018
Wed_Nov_28__201827,Thu Nov 29  2018,Wed Nov 28  2018,https://www.youtube.com/,Wed Nov 28  2018
Tue_Nov_27__201828,Wed Nov 28  2018,Tue Nov 27  2018,https://www.youtube.com/,Tue Nov 27  2018
Mon_Nov_26__201829,Tue Nov 27  2018,Mon Nov 26  2018,https://vietjack.com/java/su_dung_iterator_trong_java.jsp,Mon Nov 26  2018
Sun_Nov_25__201830,Mon Nov 26  2018,Sun Nov 25  2018,https://www.24h.com.vn/bong-da-c48.html,Sun Nov 25  2018
Sat_Nov_24__201831,Sun Nov 25  2018,Sat Nov 24  2018,https://xuanhung937556578.wordpress.com/,Sat Nov 24  2018
Fri_Nov_23__201832,Sat Nov 24  2018,Fri Nov 23  2018,https://xuanhung937556578.wordpress.com/,Fri Nov 23  2018
Thu_Nov_22__201833,Fri Nov 23  2018,Thu Nov 22  2018,http://cafebiz.vn/vietjet-tro-thanh-hang-hang-khong-lon-thu-2,Thu Nov 22  2018
Wed_Nov_21__201834,Thu Nov 22  2018,Wed Nov 21  2018,https://linkerpt.com/lap-trinh,Wed Nov 21  2018
Tue_Nov_20__201835,Wed Nov 21  2018,Tue Nov 20  2018,https://xuanhung937556578.wordpress.com/,Tue Nov 20  2018
Mon_Nov_19__201836,Tue Nov 20  2018,Mon Nov 19  2018,https://vietjack.com/java/su_dung_iterator_trong_java.jsp,Mon Nov 19  2018
Sun_Nov_18__201837,Mon Nov 19  2018,Sun Nov 18  2018,http://cafebiz.vn/vietjet-tro-thanh-hang-hang-khong-lon-thu-2,Sun Nov 18  2018
Sat_Nov_17__201838,Sun Nov 18  2018,Sat Nov 17  2018,http://kenh14.vn/tv-show.chn,Sat Nov 17  2018
Fri_Nov_16__201839,Sat Nov 17  2018,Fri Nov 16  2018,https://violympic.vn/bong-da-c48.html,Fri Nov 16  2018
Thu_Nov_15__201840,Fri Nov 16  2018,Thu Nov 15  2018,https://www.24h.com.vn/bong-da-c48.html,Thu Nov 15  2018
Wed_Nov_14__201841,Thu Nov 15  2018,Wed Nov 14  2018,http://cafebiz.vn/vietjet-tro-thanh-hang-hang-khong-lon-thu-2,Wed Nov 14  2018
Tue_Nov_13__201842,Wed Nov 14  2018,Tue Nov 13  2018,https://linkerpt.com/lap-trinh,Tue Nov 13  2018
Mon_Nov_12__201843,Tue Nov 13  2018,Mon Nov 12  2018,http://cafebiz.vn/vietjet-tro-thanh-hang-hang-khong-lon-thu-2,Mon Nov 12  2018
Sun_Nov_11__201844,Mon Nov 12  2018,Sun Nov 11  2018,https://www.24h.com.vn/bong-da-c48.html,Sun Nov 11  2018
Sat_Nov_10__201845,Sun Nov 11  2018,Sat Nov 10  2018,https://violympic.vn/bong-da-c48.html,Sat Nov 10  2018
Fri_Nov_09__201846,Sat Nov 10  2018,Fri Nov 09  2018,http://theory.stanford.edu/~amitp/GameProgramming/Heuristics.html,Fri Nov 09  2018
Thu_Nov_08__201847,Fri Nov 09  2018,Thu Nov 08  2018,https://violympic.vn/bong-da-c48.html,Thu Nov 08  2018
Wed_Nov_07__201848,Thu Nov 08  2018,Wed Nov 07  2018,http://kenh14.vn/tv-show.chn,Wed Nov 07  2018
Tue_Nov_06__201849,Wed Nov 07  2018,Tue Nov 06  2018,http://theory.stanford.edu/~amitp/GameProgramming/Heuristics.html,Tue Nov 06  2018
Mon_Nov_05__201850,Tue Nov 06  2018,Mon Nov 05  2018,https://www.facebook.com/,Mon Nov 05  2018
Sun_Nov_04__201851,Mon Nov 05  2018,Sun Nov 04  2018,https://neo4j.com/docs/cypher-manual/current/syntax/temporal/,Sun Nov 04  2018
Sat_Nov_03__201852,Sun Nov 04  2018,Sat Nov 03  2018,http://theory.stanford.edu/~amitp/GameProgramming/Heuristics.html,Sat Nov 03  2018
Fri_Nov_02__201853,Sat Nov 03  2018,Fri Nov 02  2018,https://www.facebook.com/,Fri Nov 02  2018
Thu_Nov_01__201854,Fri Nov 02  2018,Thu Nov 01  2018,http://cafebiz.vn/vietjet-tro-thanh-hang-hang-khong-lon-thu-2,Thu Nov 01  2018
Wed_Oct_31__201855,Thu Nov 01  2018,Wed Oct 31  2018,http://theory.stanford.edu/~amitp/GameProgramming/Heuristics.html,Wed Oct 31  2018
Tue_Oct_30__201856,Wed Oct 31  2018,Tue Oct 30  2018,https://search.maven.org/artifact/org.neo4j/neo4j-kernel/3.5.0/jar,Tue Oct 30  2018
Mon_Oct_29__201857,Tue Oct 30  2018,Mon Oct 29  2018,https://search.maven.org/artifact/org.neo4j/neo4j-kernel/3.5.0/jar,Mon Oct 29  2018
Sun_Oct_28__201858,Mon Oct 29  2018,Sun Oct 28  2018,http://theory.stanford.edu/~amitp/GameProgramming/Heuristics.html,Sun Oct 28  2018
Sat_Oct_27__201859,Sun Oct 28  2018,Sat Oct 27  2018,https://www.facebook.com/,Sat Oct 27  2018
Fri_Oct_26__201860,Sat Oct 27  2018,Fri Oct 26  2018,https://vietjack.com/java/su_dung_iterator_trong_java.jsp,Fri Oct 26  2018
Thu_Oct_25__201861,Fri Oct 26  2018,Thu Oct 25  2018,https://www.youtube.com/,Thu Oct 25  2018
Wed_Oct_24__201862,Thu Oct 25  2018,Wed Oct 24  2018,https://linkerpt.com/lap-trinh,Wed Oct 24  2018
Tue_Oct_23__201863,Wed Oct 24  2018,Tue Oct 23  2018,https://neo4j.com/docs/cypher-manual/current/syntax/temporal/,Tue Oct 23  2018
Mon_Oct_22__201864,Tue Oct 23  2018,Mon Oct 22  2018,https://www.24h.com.vn/bong-da-c48.html,Mon Oct 22  2018
Sun_Oct_21__201865,Mon Oct 22  2018,Sun Oct 21  2018,https://violympic.vn/bong-da-c48.html,Sun Oct 21  2018
Sat_Oct_20__201866,Sun Oct 21  2018,Sat Oct 20  2018,https://techtalk.vn/category/dev,Sat Oct 20  2018
Fri_Oct_19__201867,Sat Oct 20  2018,Fri Oct 19  2018,https://www.facebook.com/,Fri Oct 19  2018
Thu_Oct_18__201868,Fri Oct 19  2018,Thu Oct 18  2018,https://violympic.vn/bong-da-c48.html,Thu Oct 18  2018
Wed_Oct_17__201869,Thu Oct 18  2018,Wed Oct 17  2018,http://cafebiz.vn/vietjet-tro-thanh-hang-hang-khong-lon-thu-2,Wed Oct 17  2018
Tue_Oct_16__201870,Wed Oct 17  2018,Tue Oct 16  2018,http://cafebiz.vn/vietjet-tro-thanh-hang-hang-khong-lon-thu-2,Tue Oct 16  2018
Mon_Oct_15__201871,Tue Oct 16  2018,Mon Oct 15  2018,https://linkerpt.com/lap-trinh,Mon Oct 15  2018
Sun_Oct_14__201872,Mon Oct 15  2018,Sun Oct 14  2018,https://search.maven.org/artifact/org.neo4j/neo4j-kernel/3.5.0/jar,Sun Oct 14  2018
Sat_Oct_13__201873,Sun Oct 14  2018,Sat Oct 13  2018,https://linkerpt.com/lap-trinh,Sat Oct 13  2018
Fri_Oct_12__201874,Sat Oct 13  2018,Fri Oct 12  2018,http://kenh14.vn/tv-show.chn,Fri Oct 12  2018
Thu_Oct_11__201875,Fri Oct 12  2018,Thu Oct 11  2018,https://www.youtube.com/,Thu Oct 11  2018
Wed_Oct_10__201876,Thu Oct 11  2018,Wed Oct 10  2018,https://neo4j.com/docs/cypher-manual/current/syntax/temporal/,Wed Oct 10  2018
Tue_Oct_09__201877,Wed Oct 10  2018,Tue Oct 09  2018,https://linkerpt.com/lap-trinh,Tue Oct 09  2018
Mon_Oct_08__201878,Tue Oct 09  2018,Mon Oct 08  2018,https://www.24h.com.vn/bong-da-c48.html,Mon Oct 08  2018
Sun_Oct_07__201879,Mon Oct 08  2018,Sun Oct 07  2018,https://neo4j.com/docs/cypher-manual/current/syntax/temporal/,Sun Oct 07  2018
Sat_Oct_06__201880,Sun Oct 07  2018,Sat Oct 06  2018,https://www.24h.com.vn/bong-da-c48.html,Sat Oct 06  2018
Fri_Oct_05__201881,Sat Oct 06  2018,Fri Oct 05  2018,https://violympic.vn/bong-da-c48.html,Fri Oct 05  2018
Thu_Oct_04__201882,Fri Oct 05  2018,Thu Oct 04  2018,https://violympic.vn/bong-da-c48.html,Thu Oct 04  2018
Wed_Oct_03__201883,Thu Oct 04  2018,Wed Oct 03  2018,http://theory.stanford.edu/~amitp/GameProgramming/Heuristics.html,Wed Oct 03  2018
Tue_Oct_02__201884,Wed Oct 03  2018,Tue Oct 02  2018,https://vietjack.com/java/su_dung_iterator_trong_java.jsp,Tue Oct 02  2018
Mon_Oct_01__201885,Tue Oct 02  2018,Mon Oct 01  2018,https://xuanhung937556578.wordpress.com/,Mon Oct 01  2018
Sun_Sep_30__201886,Mon Oct 01  2018,Sun Sep 30  2018,http://kenh14.vn/tv-show.chn,Sun Sep 30  2018
Sat_Sep_29__201887,Sun Sep 30  2018,Sat Sep 29  2018,http://theory.stanford.edu/~amitp/GameProgramming/Heuristics.html,Sat Sep 29  2018
Fri_Sep_28__201888,Sat Sep 29  2018,Fri Sep 28  2018,http://kenh14.vn/tv-show.chn,Fri Sep 28  2018
Thu_Sep_27__201889,Fri Sep 28  2018,Thu Sep 27  2018,http://theory.stanford.edu/~amitp/GameProgramming/Heuristics.html,Thu Sep 27  2018
Wed_Sep_26__201890,Thu Sep 27  2018,Wed Sep 26  2018,https://www.youtube.com/,Wed Sep 26  2018
Tue_Sep_25__201891,Wed Sep 26  2018,Tue Sep 25  2018,https://neo4j.com/docs/cypher-manual/current/syntax/temporal/,Tue Sep 25  2018
Mon_Sep_24__201892,Tue Sep 25  2018,Mon Sep 24  2018,http://kenh14.vn/tv-show.chn,Mon Sep 24  2018
Sun_Sep_23__201893,Mon Sep 24  2018,Sun Sep 23  2018,http://theory.stanford.edu/~amitp/GameProgramming/Heuristics.html,Sun Sep 23  2018
Sat_Sep_22__201894,Sun Sep 23  2018,Sat Sep 22  2018,http://theory.stanford.edu/~amitp/GameProgramming/Heuristics.html,Sat Sep 22  2018
Fri_Sep_21__201895,Sat Sep 22  2018,Fri Sep 21  2018,https://www.24h.com.vn/bong-da-c48.html,Fri Sep 21  2018
Thu_Sep_20__201896,Fri Sep 21  2018,Thu Sep 20  2018,https://violympic.vn/bong-da-c48.html,Thu Sep 20  2018
Wed_Sep_19__201897,Thu Sep 20  2018,Wed Sep 19  2018,https://search.maven.org/artifact/org.neo4j/neo4j-kernel/3.5.0/jar,Wed Sep 19  2018
Tue_Sep_18__201898,Wed Sep 19  2018,Tue Sep 18  2018,https://neo4j.com/docs/cypher-manual/current/syntax/temporal/,Tue Sep 18  2018
Mon_Sep_17__201899,Tue Sep 18  2018,Mon Sep 17  2018,https://search.maven.org/artifact/org.neo4j/neo4j-kernel/3.5.0/jar,Mon Sep 17  2018
Sun_Sep_16__2018100,Mon Sep 17  2018,Sun Sep 16  2018,https://neo4j.com/docs/cypher-manual/current/syntax/temporal/,Sun Sep 16  2018
Sat_Sep_15__2018101,Sun Sep 16  2018,Sat Sep 15  2018,https://xuanhung937556578.wordpress.com/,Sat Sep 15  2018
Fri_Sep_14__2018102,Sat Sep 15  2018,Fri Sep 14  2018,https://www.24h.com.vn/bong-da-c48.html,Fri Sep 14  2018
Thu_Sep_13__2018103,Fri Sep 14  2018,Thu Sep 13  2018,https://www.facebook.com/,Thu Sep 13  2018
Wed_Sep_12__2018104,Thu Sep 13  2018,Wed Sep 12  2018,https://xuanhung937556578.wordpress.com/,Wed Sep 12  2018
Tue_Sep_11__2018105,Wed Sep 12  2018,Tue Sep 11  2018,https://www.facebook.com/,Tue Sep 11  2018
Mon_Sep_10__2018106,Tue Sep 11  2018,Mon Sep 10  2018,https://techtalk.vn/category/dev,Mon Sep 10  2018
Sun_Sep_09__2018107,Mon Sep 10  2018,Sun Sep 09  2018,https://techtalk.vn/category/dev,Sun Sep 09  2018
Sat_Sep_08__2018108,Sun Sep 09  2018,Sat Sep 08  2018,http://cafebiz.vn/vietjet-tro-thanh-hang-hang-khong-lon-thu-2,Sat Sep 08  2018
Fri_Sep_07__2018109,Sat Sep 08  2018,Fri Sep 07  2018,https://violympic.vn/bong-da-c48.html,Fri Sep 07  2018
Thu_Sep_06__2018110,Fri Sep 07  2018,Thu Sep 06  2018,http://kenh14.vn/tv-show.chn,Thu Sep 06  2018
Wed_Sep_05__2018111,Thu Sep 06  2018,Wed Sep 05  2018,https://neo4j.com/docs/cypher-manual/current/syntax/temporal/,Wed Sep 05  2018
Tue_Sep_04__2018112,Wed Sep 05  2018,Tue Sep 04  2018,https://www.facebook.com/,Tue Sep 04  2018
Mon_Sep_03__2018113,Tue Sep 04  2018,Mon Sep 03  2018,https://techtalk.vn/category/dev,Mon Sep 03  2018
Sun_Sep_02__2018114,Mon Sep 03  2018,Sun Sep 02  2018,https://violympic.vn/bong-da-c48.html,Sun Sep 02  2018
Sat_Sep_01__2018115,Sun Sep 02  2018,Sat Sep 01  2018,https://neo4j.com/docs/cypher-manual/current/syntax/temporal/,Sat Sep 01  2018
Fri_Aug_31__2018116,Sat Sep 01  2018,Fri Aug 31  2018,https://www.24h.com.vn/bong-da-c48.html,Fri Aug 31  2018
Thu_Aug_30__2018117,Fri Aug 31  2018,Thu Aug 30  2018,https://www.24h.com.vn/bong-da-c48.html,Thu Aug 30  2018
Wed_Aug_29__2018118,Thu Aug 30  2018,Wed Aug 29  2018,https://www.24h.com.vn/bong-da-c48.html,Wed Aug 29  2018
Tue_Aug_28__2018119,Wed Aug 29  2018,Tue Aug 28  2018,https://www.facebook.com/,Tue Aug 28  2018
Mon_Aug_27__2018120,Tue Aug 28  2018,Mon Aug 27  2018,https://vietjack.com/java/su_dung_iterator_trong_java.jsp,Mon Aug 27  2018
Sun_Aug_26__2018121,Mon Aug 27  2018,Sun Aug 26  2018,http://cafebiz.vn/vietjet-tro-thanh-hang-hang-khong-lon-thu-2,Sun Aug 26  2018
Sat_Aug_25__2018122,Sun Aug 26  2018,Sat Aug 25  2018,https://violympic.vn/bong-da-c48.html,Sat Aug 25  2018
Fri_Aug_24__2018123,Sat Aug 25  2018,Fri Aug 24  2018,https://search.maven.org/artifact/org.neo4j/neo4j-kernel/3.5.0/jar,Fri Aug 24  2018
Thu_Aug_23__2018124,Fri Aug 24  2018,Thu Aug 23  2018,https://neo4j.com/docs/cypher-manual/current/syntax/temporal/,Thu Aug 23  2018
Wed_Aug_22__2018125,Thu Aug 23  2018,Wed Aug 22  2018,https://violympic.vn/bong-da-c48.html,Wed Aug 22  2018
Tue_Aug_21__2018126,Wed Aug 22  2018,Tue Aug 21  2018,https://violympic.vn/bong-da-c48.html,Tue Aug 21  2018
Mon_Aug_20__2018127,Tue Aug 21  2018,Mon Aug 20  2018,https://xuanhung937556578.wordpress.com/,Mon Aug 20  2018
Sun_Aug_19__2018128,Mon Aug 20  2018,Sun Aug 19  2018,https://vietjack.com/java/su_dung_iterator_trong_java.jsp,Sun Aug 19  2018
Sat_Aug_18__2018129,Sun Aug 19  2018,Sat Aug 18  2018,https://www.24h.com.vn/bong-da-c48.html,Sat Aug 18  2018
Fri_Aug_17__2018130,Sat Aug 18  2018,Fri Aug 17  2018,https://linkerpt.com/lap-trinh,Fri Aug 17  2018
Thu_Aug_16__2018131,Fri Aug 17  2018,Thu Aug 16  2018,http://cafebiz.vn/vietjet-tro-thanh-hang-hang-khong-lon-thu-2,Thu Aug 16  2018
Wed_Aug_15__2018132,Thu Aug 16  2018,Wed Aug 15  2018,https://techtalk.vn/category/dev,Wed Aug 15  2018
Tue_Aug_14__2018133,Wed Aug 15  2018,Tue Aug 14  2018,https://www.facebook.com/,Tue Aug 14  2018
Mon_Aug_13__2018134,Tue Aug 14  2018,Mon Aug 13  2018,http://theory.stanford.edu/~amitp/GameProgramming/Heuristics.html,Mon Aug 13  2018
Sun_Aug_12__2018135,Mon Aug 13  2018,Sun Aug 12  2018,https://neo4j.com/docs/cypher-manual/current/syntax/temporal/,Sun Aug 12  2018
Sat_Aug_11__2018136,Sun Aug 12  2018,Sat Aug 11  2018,https://www.24h.com.vn/bong-da-c48.html,Sat Aug 11  2018
Fri_Aug_10__2018137,Sat Aug 11  2018,Fri Aug 10  2018,https://www.youtube.com/,Fri Aug 10  2018
Thu_Aug_09__2018138,Fri Aug 10  2018,Thu Aug 09  2018,https://search.maven.org/artifact/org.neo4j/neo4j-kernel/3.5.0/jar,Thu Aug 09  2018
Wed_Aug_08__2018139,Thu Aug 09  2018,Wed Aug 08  2018,https://xuanhung937556578.wordpress.com/,Wed Aug 08  2018
Tue_Aug_07__2018140,Wed Aug 08  2018,Tue Aug 07  2018,https://www.youtube.com/,Tue Aug 07  2018
Mon_Aug_06__2018141,Tue Aug 07  2018,Mon Aug 06  2018,https://www.facebook.com/,Mon Aug 06  2018
Sun_Aug_05__2018142,Mon Aug 06  2018,Sun Aug 05  2018,https://search.maven.org/artifact/org.neo4j/neo4j-kernel/3.5.0/jar,Sun Aug 05  2018
Sat_Aug_04__2018143,Sun Aug 05  2018,Sat Aug 04  2018,https://techtalk.vn/category/dev,Sat Aug 04  2018
Fri_Aug_03__2018144,Sat Aug 04  2018,Fri Aug 03  2018,https://www.24h.com.vn/bong-da-c48.html,Fri Aug 03  2018
Thu_Aug_02__2018145,Fri Aug 03  2018,Thu Aug 02  2018,https://xuanhung937556578.wordpress.com/,Thu Aug 02  2018
Wed_Aug_01__2018146,Thu Aug 02  2018,Wed Aug 01  2018,http://kenh14.vn/tv-show.chn,Wed Aug 01  2018
Tue_Jul_31__2018147,Wed Aug 01  2018,Tue Jul 31  2018,http://theory.stanford.edu/~amitp/GameProgramming/Heuristics.html,Tue Jul 31  2018
Mon_Jul_30__2018148,Tue Jul 31  2018,Mon Jul 30  2018,https://linkerpt.com/lap-trinh,Mon Jul 30  2018
Sun_Jul_29__2018149,Mon Jul 30  2018,Sun Jul 29  2018,https://xuanhung937556578.wordpress.com/,Sun Jul 29  2018
Sat_Jul_28__2018150,Sun Jul 29  2018,Sat Jul 28  2018,http://kenh14.vn/tv-show.chn,Sat Jul 28  2018
Fri_Jul_27__2018151,Sat Jul 28  2018,Fri Jul 27  2018,https://xuanhung937556578.wordpress.com/,Fri Jul 27  2018
Thu_Jul_26__2018152,Fri Jul 27  2018,Thu Jul 26  2018,https://www.youtube.com/,Thu Jul 26  2018
Wed_Jul_25__2018153,Thu Jul 26  2018,Wed Jul 25  2018,https://xuanhung937556578.wordpress.com/,Wed Jul 25  2018
Tue_Jul_24__2018154,Wed Jul 25  2018,Tue Jul 24  2018,https://techtalk.vn/category/dev,Tue Jul 24  2018
Mon_Jul_23__2018155,Tue Jul 24  2018,Mon Jul 23  2018,http://cafebiz.vn/vietjet-tro-thanh-hang-hang-khong-lon-thu-2,Mon Jul 23  2018
Sun_Jul_22__2018156,Mon Jul 23  2018,Sun Jul 22  2018,http://cafebiz.vn/vietjet-tro-thanh-hang-hang-khong-lon-thu-2,Sun Jul 22  2018
Sat_Jul_21__2018157,Sun Jul 22  2018,Sat Jul 21  2018,https://violympic.vn/bong-da-c48.html,Sat Jul 21  2018
Fri_Jul_20__2018158,Sat Jul 21  2018,Fri Jul 20  2018,https://search.maven.org/artifact/org.neo4j/neo4j-kernel/3.5.0/jar,Fri Jul 20  2018
Thu_Jul_19__2018159,Fri Jul 20  2018,Thu Jul 19  2018,https://violympic.vn/bong-da-c48.html,Thu Jul 19  2018
Wed_Jul_18__2018160,Thu Jul 19  2018,Wed Jul 18  2018,http://kenh14.vn/tv-show.chn,Wed Jul 18  2018
Tue_Jul_17__2018161,Wed Jul 18  2018,Tue Jul 17  2018,http://cafebiz.vn/vietjet-tro-thanh-hang-hang-khong-lon-thu-2,Tue Jul 17  2018
Mon_Jul_16__2018162,Tue Jul 17  2018,Mon Jul 16  2018,https://www.youtube.com/,Mon Jul 16  2018
Sun_Jul_15__2018163,Mon Jul 16  2018,Sun Jul 15  2018,https://www.24h.com.vn/bong-da-c48.html,Sun Jul 15  2018
Sat_Jul_14__2018164,Sun Jul 15  2018,Sat Jul 14  2018,https://violympic.vn/bong-da-c48.html,Sat Jul 14  2018
Fri_Jul_13__2018165,Sat Jul 14  2018,Fri Jul 13  2018,https://violympic.vn/bong-da-c48.html,Fri Jul 13  2018
Thu_Jul_12__2018166,Fri Jul 13  2018,Thu Jul 12  2018,https://linkerpt.com/lap-trinh,Thu Jul 12  2018
Wed_Jul_11__2018167,Thu Jul 12  2018,Wed Jul 11  2018,https://xuanhung937556578.wordpress.com/,Wed Jul 11  2018
Tue_Jul_10__2018168,Wed Jul 11  2018,Tue Jul 10  2018,http://cafebiz.vn/vietjet-tro-thanh-hang-hang-khong-lon-thu-2,Tue Jul 10  2018
Mon_Jul_09__2018169,Tue Jul 10  2018,Mon Jul 09  2018,https://www.facebook.com/,Mon Jul 09  2018
Sun_Jul_08__2018170,Mon Jul 09  2018,Sun Jul 08  2018,http://theory.stanford.edu/~amitp/GameProgramming/Heuristics.html,Sun Jul 08  2018
Sat_Jul_07__2018171,Sun Jul 08  2018,Sat Jul 07  2018,http://kenh14.vn/tv-show.chn,Sat Jul 07  2018
Fri_Jul_06__2018172,Sat Jul 07  2018,Fri Jul 06  2018,https://www.facebook.com/,Fri Jul 06  2018
Thu_Jul_05__2018173,Fri Jul 06  2018,Thu Jul 05  2018,https://vietjack.com/java/su_dung_iterator_trong_java.jsp,Thu Jul 05  2018
Wed_Jul_04__2018174,Thu Jul 05  2018,Wed Jul 04  2018,https://www.youtube.com/,Wed Jul 04  2018
Tue_Jul_03__2018175,Wed Jul 04  2018,Tue Jul 03  2018,http://cafebiz.vn/vietjet-tro-thanh-hang-hang-khong-lon-thu-2,Tue Jul 03  2018
Mon_Jul_02__2018176,Tue Jul 03  2018,Mon Jul 02  2018,http://kenh14.vn/tv-show.chn,Mon Jul 02  2018
Sun_Jul_01__2018177,Mon Jul 02  2018,Sun Jul 01  2018,http://kenh14.vn/tv-show.chn,Sun Jul 01  2018
Sat_Jun_30__2018178,Sun Jul 01  2018,Sat Jun 30  2018,http://kenh14.vn/tv-show.chn,Sat Jun 30  2018
Fri_Jun_29__2018179,Sat Jun 30  2018,Fri Jun 29  2018,http://theory.stanford.edu/~amitp/GameProgramming/Heuristics.html,Fri Jun 29  2018
Thu_Jun_28__2018180,Fri Jun 29  2018,Thu Jun 28  2018,https://violympic.vn/bong-da-c48.html,Thu Jun 28  2018
Wed_Jun_27__2018181,Thu Jun 28  2018,Wed Jun 27  2018,https://xuanhung937556578.wordpress.com/,Wed Jun 27  2018
Tue_Jun_26__2018182,Wed Jun 27  2018,Tue Jun 26  2018,https://vietjack.com/java/su_dung_iterator_trong_java.jsp,Tue Jun 26  2018
Mon_Jun_25__2018183,Tue Jun 26  2018,Mon Jun 25  2018,https://search.maven.org/artifact/org.neo4j/neo4j-kernel/3.5.0/jar,Mon Jun 25  2018
Sun_Jun_24__2018184,Mon Jun 25  2018,Sun Jun 24  2018,https://xuanhung937556578.wordpress.com/,Sun Jun 24  2018
Sat_Jun_23__2018185,Sun Jun 24  2018,Sat Jun 23  2018,https://www.facebook.com/,Sat Jun 23  2018
Fri_Jun_22__2018186,Sat Jun 23  2018,Fri Jun 22  2018,https://www.24h.com.vn/bong-da-c48.html,Fri Jun 22  2018
Thu_Jun_21__2018187,Fri Jun 22  2018,Thu Jun 21  2018,https://violympic.vn/bong-da-c48.html,Thu Jun 21  2018
Wed_Jun_20__2018188,Thu Jun 21  2018,Wed Jun 20  2018,https://search.maven.org/artifact/org.neo4j/neo4j-kernel/3.5.0/jar,Wed Jun 20  2018
Tue_Jun_19__2018189,Wed Jun 20  2018,Tue Jun 19  2018,https://violympic.vn/bong-da-c48.html,Tue Jun 19  2018
Mon_Jun_18__2018190,Tue Jun 19  2018,Mon Jun 18  2018,https://www.24h.com.vn/bong-da-c48.html,Mon Jun 18  2018
Sun_Jun_17__2018191,Mon Jun 18  2018,Sun Jun 17  2018,https://techtalk.vn/category/dev,Sun Jun 17  2018
Sat_Jun_16__2018192,Sun Jun 17  2018,Sat Jun 16  2018,https://violympic.vn/bong-da-c48.html,Sat Jun 16  2018
Fri_Jun_15__2018193,Sat Jun 16  2018,Fri Jun 15  2018,https://vietjack.com/java/su_dung_iterator_trong_java.jsp,Fri Jun 15  2018
Thu_Jun_14__2018194,Fri Jun 15  2018,Thu Jun 14  2018,https://techtalk.vn/category/dev,Thu Jun 14  2018
Wed_Jun_13__2018195,Thu Jun 14  2018,Wed Jun 13  2018,https://neo4j.com/docs/cypher-manual/current/syntax/temporal/,Wed Jun 13  2018
Tue_Jun_12__2018196,Wed Jun 13  2018,Tue Jun 12  2018,https://www.24h.com.vn/bong-da-c48.html,Tue Jun 12  2018
Mon_Jun_11__2018197,Tue Jun 12  2018,Mon Jun 11  2018,https://www.youtube.com/,Mon Jun 11  2018
Sun_Jun_10__2018198,Mon Jun 11  2018,Sun Jun 10  2018,https://search.maven.org/artifact/org.neo4j/neo4j-kernel/3.5.0/jar,Sun Jun 10  2018
Sat_Jun_09__2018199,Sun Jun 10  2018,Sat Jun 09  2018,https://neo4j.com/docs/cypher-manual/current/syntax/temporal/,Sat Jun 09  2018
